--
-- Dumping data for table `route`
--

INSERT INTO 
    `route`
        (`id`, `destination`, `bus_id`, `min_seats`, `price`, `duration`)
    VALUES 
        (1, 'Vienna-Bratislava', 1, 10, 12.00, '00:40:00'),
        (2, 'Bratislava-Vienna', 1, 10, 12.00, '00:40:00'),
        (3, 'Vienna-Frankfurt', 2, 10, 87.00, '10:30:00'),
        (4, 'Frankfurt-Vienna', 2, 10, 87.00, '10:30:00'),
        (5, 'Vienna-Paris', 3, 10, 114.00, '17:25:00'),
        (6, 'Paris-Vienna', 3, 10, 114.00, '17:25:00'),
        (7, 'Vienna-Venice', 4, 10, 68.00, '09:30:00'),
        (8, 'Venice-Vienna', 4, 10, 68.00, '09:30:00'),
        (9, 'Vienna-Salzburg', 5, 4, 46.00, '02:50:00'),
        (10, 'Salzburg-Vienna', 5, 4, 46.00, '02:50:00');

--
-- Dumping data for table `schedule`
--

INSERT INTO 
    `schedule` 
        (`id`, `route_id`, `departure_date`, `departure_time`)
    VALUES 
        (1, 1, '2017-04-01', '10:00:00'),
        (2, 1, '2017-05-01', '10:00:00'),
        (3, 1, '2017-06-01', '10:00:00'),
        (4, 2, '2017-04-01', '12:00:00'),
        (5, 2, '2017-05-01', '12:00:00'),
        (6, 2, '2017-06-01', '12:00:00'),
        (7, 3, '2017-04-01', '10:00:00'),
        (8, 3, '2017-05-01', '10:00:00'),
        (9, 3, '2017-06-01', '10:00:00'),
        (10, 4, '2017-04-01', '20:00:00'),
        (11, 4, '2017-05-01', '20:00:00'),
        (12, 4, '2017-06-01', '20:00:00'),
        (13, 5, '2017-04-01', '10:00:00'),
        (14, 5, '2017-05-01', '10:00:00'),
        (15, 5, '2017-06-01', '10:00:00'),
        (16, 6, '2017-04-02', '05:00:00'),
        (17, 6, '2017-05-02', '05:00:00'),
        (18, 6, '2017-06-02', '05:00:00'),
        (19, 7, '2017-04-01', '10:00:00'),
        (20, 7, '2017-05-01', '10:00:00'),
        (21, 7, '2017-06-01', '10:00:00'),
        (22, 8, '2017-04-01', '19:00:00'),
        (23, 8, '2017-05-01', '19:00:00'),
        (24, 8, '2017-06-01', '19:00:00'),
        (25, 9, '2017-04-01', '10:00:00'),
        (26, 9, '2017-05-01', '10:00:00'),
        (27, 9, '2017-06-01', '10:00:00'),
        (28, 10, '2017-04-01', '13:00:00'),
        (29, 10, '2017-05-01', '13:00:00'),
        (30, 10, '2017-06-01', '13:00:00'),

        (31, 1, '2017-04-11', '10:00:00'),
        (32, 1, '2017-05-11', '10:00:00'),
        (33, 1, '2017-06-11', '10:00:00'),
        (34, 2, '2017-04-11', '12:00:00'),
        (35, 2, '2017-05-11', '12:00:00'),
        (36, 2, '2017-06-11', '12:00:00'),
        (37, 3, '2017-04-11', '10:00:00'),
        (38, 3, '2017-05-11', '10:00:00'),
        (39, 3, '2017-06-11', '10:00:00'),
        (40, 4, '2017-04-11', '20:00:00'),
        (41, 4, '2017-05-11', '20:00:00'),
        (42, 4, '2017-06-11', '20:00:00'),
        (43, 5, '2017-04-11', '10:00:00'),
        (44, 5, '2017-05-11', '10:00:00'),
        (45, 5, '2017-06-11', '10:00:00'),
        (46, 6, '2017-04-12', '05:00:00'),
        (47, 6, '2017-05-12', '05:00:00'),
        (48, 6, '2017-06-12', '05:00:00'),
        (49, 7, '2017-04-11', '10:00:00'),
        (50, 7, '2017-05-11', '10:00:00'),
        (51, 7, '2017-06-11', '10:00:00'),
        (52, 8, '2017-04-11', '19:00:00'),
        (53, 8, '2017-05-11', '19:00:00'),
        (54, 8, '2017-06-11', '19:00:00'),
        (55, 9, '2017-04-11', '10:00:00'),
        (56, 9, '2017-05-11', '10:00:00'),
        (57, 9, '2017-06-11', '10:00:00'),
        (58, 10, '2017-04-11', '13:00:00'),
        (59, 10, '2017-05-11', '13:00:00'),
        (60, 10, '2017-06-11', '13:00:00'),

        (61, 1, '2017-04-21', '10:00:00'),
        (62, 1, '2017-05-21', '10:00:00'),
        (63, 1, '2017-06-21', '10:00:00'),
        (64, 2, '2017-04-21', '12:00:00'),
        (65, 2, '2017-05-21', '12:00:00'),
        (66, 2, '2017-06-21', '12:00:00'),
        (67, 3, '2017-04-21', '10:00:00'),
        (68, 3, '2017-05-21', '10:00:00'),
        (69, 3, '2017-06-21', '10:00:00'),
        (70, 4, '2017-04-21', '20:00:00'),
        (71, 4, '2017-05-21', '20:00:00'),
        (72, 4, '2017-06-21', '20:00:00'),
        (73, 5, '2017-04-21', '10:00:00'),
        (74, 5, '2017-05-21', '10:00:00'),
        (75, 5, '2017-06-21', '10:00:00'),
        (76, 6, '2017-04-22', '05:00:00'),
        (77, 6, '2017-05-22', '05:00:00'),
        (78, 6, '2017-06-22', '05:00:00'),
        (79, 7, '2017-04-21', '10:00:00'),
        (80, 7, '2017-05-21', '10:00:00'),
        (81, 7, '2017-06-21', '10:00:00'),
        (82, 8, '2017-04-21', '19:00:00'),
        (83, 8, '2017-05-21', '19:00:00'),
        (84, 8, '2017-06-21', '19:00:00'),
        (85, 9, '2017-04-21', '10:00:00'),
        (86, 9, '2017-05-21', '10:00:00'),
        (87, 9, '2017-06-21', '10:00:00'),
        (88, 10, '2017-04-21', '13:00:00'),
        (89, 10, '2017-05-21', '13:00:00'),
        (90, 10, '2017-06-21', '13:00:00'),

        (101, 1, '2017-04-05', '10:00:00'),
        (102, 1, '2017-05-05', '10:00:00'),
        (103, 1, '2017-06-05', '10:00:00'),
        (104, 2, '2017-04-05', '12:00:00'),
        (105, 2, '2017-05-05', '12:00:00'),
        (106, 2, '2017-06-05', '12:00:00'),
        (107, 3, '2017-04-05', '10:00:00'),
        (108, 3, '2017-05-05', '10:00:00'),
        (109, 3, '2017-06-05', '10:00:00'),
        (110, 4, '2017-04-05', '20:00:00'),
        (111, 4, '2017-05-05', '20:00:00'),
        (112, 4, '2017-06-05', '20:00:00'),
        (113, 5, '2017-04-05', '10:00:00'),
        (114, 5, '2017-05-05', '10:00:00'),
        (115, 5, '2017-06-05', '10:00:00'),
        (116, 6, '2017-04-06', '05:00:00'),
        (117, 6, '2017-05-06', '05:00:00'),
        (118, 6, '2017-06-06', '05:00:00'),
        (119, 7, '2017-04-05', '10:00:00'),
        (120, 7, '2017-05-05', '10:00:00'),
        (121, 7, '2017-06-05', '10:00:00'),
        (122, 8, '2017-04-05', '19:00:00'),
        (123, 8, '2017-05-05', '19:00:00'),
        (124, 8, '2017-06-05', '19:00:00'),
        (125, 9, '2017-04-05', '10:00:00'),
        (126, 9, '2017-05-05', '10:00:00'),
        (127, 9, '2017-06-05', '10:00:00'),
        (128, 10, '2017-04-05', '13:00:00'),
        (129, 10, '2017-05-05', '13:00:00'),
        (130, 10, '2017-06-05', '13:00:00'),

        (131, 1, '2017-04-15', '10:00:00'),
        (132, 1, '2017-05-15', '10:00:00'),
        (133, 1, '2017-06-15', '10:00:00'),
        (134, 2, '2017-04-15', '12:00:00'),
        (135, 2, '2017-05-15', '12:00:00'),
        (136, 2, '2017-06-15', '12:00:00'),
        (137, 3, '2017-04-15', '10:00:00'),
        (138, 3, '2017-05-15', '10:00:00'),
        (139, 3, '2017-06-15', '10:00:00'),
        (140, 4, '2017-04-15', '20:00:00'),
        (141, 4, '2017-05-15', '20:00:00'),
        (142, 4, '2017-06-15', '20:00:00'),
        (143, 5, '2017-04-15', '10:00:00'),
        (144, 5, '2017-05-15', '10:00:00'),
        (145, 5, '2017-06-15', '10:00:00'),
        (146, 6, '2017-04-16', '05:00:00'),
        (147, 6, '2017-05-16', '05:00:00'),
        (148, 6, '2017-06-16', '05:00:00'),
        (149, 7, '2017-04-15', '10:00:00'),
        (150, 7, '2017-05-15', '10:00:00'),
        (151, 7, '2017-06-15', '10:00:00'),
        (152, 8, '2017-04-15', '19:00:00'),
        (153, 8, '2017-05-15', '19:00:00'),
        (154, 8, '2017-06-15', '19:00:00'),
        (155, 9, '2017-04-15', '10:00:00'),
        (156, 9, '2017-05-15', '10:00:00'),
        (157, 9, '2017-06-15', '10:00:00'),
        (158, 10, '2017-04-15', '13:00:00'),
        (159, 10, '2017-05-15', '13:00:00'),
        (160, 10, '2017-06-15', '13:00:00'),

        (161, 1, '2017-04-25', '10:00:00'),
        (162, 1, '2017-05-25', '10:00:00'),
        (163, 1, '2017-06-25', '10:00:00'),
        (164, 2, '2017-04-25', '12:00:00'),
        (165, 2, '2017-05-25', '12:00:00'),
        (166, 2, '2017-06-25', '12:00:00'),
        (167, 3, '2017-04-25', '10:00:00'),
        (168, 3, '2017-05-25', '10:00:00'),
        (169, 3, '2017-06-25', '10:00:00'),
        (170, 4, '2017-04-25', '20:00:00'),
        (171, 4, '2017-05-25', '20:00:00'),
        (172, 4, '2017-06-25', '20:00:00'),
        (173, 5, '2017-04-25', '10:00:00'),
        (174, 5, '2017-05-25', '10:00:00'),
        (175, 5, '2017-06-25', '10:00:00'),
        (176, 6, '2017-04-26', '05:00:00'),
        (177, 6, '2017-05-26', '05:00:00'),
        (178, 6, '2017-06-26', '05:00:00'),
        (179, 7, '2017-04-25', '10:00:00'),
        (180, 7, '2017-05-25', '10:00:00'),
        (181, 7, '2017-06-25', '10:00:00'),
        (182, 8, '2017-04-25', '19:00:00'),
        (183, 8, '2017-05-25', '19:00:00'),
        (184, 8, '2017-06-25', '19:00:00'),
        (185, 9, '2017-04-25', '10:00:00'),
        (186, 9, '2017-05-25', '10:00:00'),
        (187, 9, '2017-06-25', '10:00:00'),
        (188, 10, '2017-04-25', '13:00:00'),
        (189, 10, '2017-05-25', '13:00:00'),
        (190, 10, '2017-06-25', '13:00:00');


--
-- Dumping data for table `payment`
--

INSERT INTO
    `payment`
        (`user_id`, `iban`)
    VALUES
        (1, 'AT123456789');

--
-- Dumping data for table `booking`
--

INSERT INTO
    `booking`
        (`id`, `stamp`, `payment_id`, `schedule_id`)
    VALUES
        (1, '2017-03-01 10:28:00', 1, 30),
        (2, '2017-03-01 23:37:00', 1, 20),
        (3, '2017-03-11 10:40:00', 1, 1),
        (4, '2017-03-11 22:08:00', 1, 24),
        (5, '2017-04-12 10:20:00', 1, 5),
        (6, '2017-04-12 23:00:00', 1, 20),
        (7, '2017-04-14 10:30:00', 1, 22),
        (8, '2017-04-14 10:07:00', 1, 19),
        (9, '2017-04-14 23:20:00', 1, 3),
        (10, '2017-04-21 10:00:00', 1, 14),
        (11, '2017-04-21 22:47:00', 1, 11),
        (12, '2017-04-21 10:00:00', 1, 7),
        (13, NOW(), 1, 1),
        (14, NOW(), 1, 2);

--
-- Dumping data for table `reservation`
--

INSERT INTO
    `reservation`
        (`id`, `booking_id`, `seat_id`)
    VALUES
        (1, 1, 11),
        (2, 1, 12),
        (3, 1, 3),
        (4, 2, 39),
        (5, 2, 40),
        (6, 3, 8),
        (7, 4, 1),
        (8, 5, 27),
        (9, 6, 36),
        (10, 7, 18),
        (11, 7, 9),
        (12, 8, 26),
        (13, 8, 27);
