--
-- Dumping data for table `route`
--

INSERT INTO 
    `route`
        (`id`, `destination`, `bus_id`, `min_seats`, `price`, `duration`)
    VALUES 
        (1, 'Vienna-Bratislava', 1, 10, 12.00, '00:40:00'),
        (2, 'Bratislava-Vienna', 1, 10, 12.00, '00:40:00'),
        (3, 'Vienna-Frankfurt', 2, 10, 87.00, '10:30:00'),
        (4, 'Frankfurt-Vienna', 2, 10, 87.00, '10:30:00'),
        (5, 'Vienna-Paris', 3, 10, 114.00, '17:25:00'),
        (6, 'Paris-Vienna', 3, 10, 114.00, '17:25:00'),
        (7, 'Vienna-Venice', 4, 10, 68.00, '09:30:00'),
        (8, 'Venice-Vienna', 4, 10, 68.00, '09:30:00'),
        (9, 'Vienna-Salzburg', 5, 4, 46.00, '02:50:00'),
        (10, 'Salzburg-Vienna', 5, 4, 46.00, '02:50:00');

--
-- Dumping data for table `schedule`
--

INSERT INTO 
    `schedule` 
        (`id`, `route_id`, `departure_date`, `departure_time`)
    VALUES 
        (1, 1, '2017-04-01', '10:00:00'),
        (2, 1, '2017-05-01', '10:00:00'),
        (3, 1, '2017-06-01', '10:00:00'),
        (4, 2, '2017-04-01', '12:00:00'),
        (5, 2, '2017-05-01', '12:00:00'),
        (6, 2, '2017-06-01', '12:00:00'),
        (7, 3, '2017-04-01', '10:00:00'),
        (8, 3, '2017-05-01', '10:00:00'),
        (9, 3, '2017-06-01', '10:00:00'),
        (10, 4, '2017-04-01', '20:00:00'),
        (11, 4, '2017-05-01', '20:00:00'),
        (12, 4, '2017-06-01', '20:00:00'),
        (13, 5, '2017-04-01', '10:00:00'),
        (14, 5, '2017-05-01', '10:00:00'),
        (15, 5, '2017-06-01', '10:00:00'),
        (16, 6, '2017-04-02', '05:00:00'),
        (17, 6, '2017-05-02', '05:00:00'),
        (18, 6, '2017-06-02', '05:00:00'),
        (19, 7, '2017-04-01', '10:00:00'),
        (20, 7, '2017-05-01', '10:00:00'),
        (21, 7, '2017-06-01', '10:00:00'),
        (22, 8, '2017-04-01', '19:00:00'),
        (23, 8, '2017-05-01', '19:00:00'),
        (24, 8, '2017-06-01', '19:00:00'),
        (25, 9, '2017-04-01', '10:00:00'),
        (26, 9, '2017-05-01', '10:00:00'),
        (27, 9, '2017-06-01', '10:00:00'),
        (28, 10, '2017-04-01', '13:00:00'),
        (29, 10, '2017-05-01', '13:00:00'),
        (30, 10, '2017-06-01', '13:00:00');

--
-- Dumping data for table `payment`
--

INSERT INTO
    `payment`
        (`user_id`, `iban`)
    VALUES
        (1, 'AT123456789');

--
-- Dumping data for table `booking`
--

INSERT INTO
    `booking`
        (`id`, `stamp`, `payment_id`, `schedule_id`)
    VALUES
        (1, '2017-03-01 10:28:00', 1, 30),
        (2, '2017-03-01 23:37:00', 1, 20),
        (3, '2017-03-11 10:40:00', 1, 1),
        (4, '2017-03-11 22:08:00', 1, 24),
        (5, '2017-04-12 10:20:00', 1, 5),
        (6, '2017-04-12 23:00:00', 1, 20),
        (7, '2017-04-14 10:30:00', 1, 22),
        (8, '2017-04-14 10:07:00', 1, 19),
        (9, '2017-04-14 23:20:00', 1, 3),
        (10, '2017-04-21 10:00:00', 1, 14),
        (11, '2017-04-21 22:47:00', 1, 11),
        (12, '2017-04-21 10:00:00', 1, 7),
        (13, NOW(), 1, 1),
        (14, NOW(), 1, 2);

--
-- Dumping data for table `reservation`
--

INSERT INTO
    `reservation`
        (`id`, `booking_id`, `seat_id`)
    VALUES
        (1, 1, 11),
        (2, 1, 12),
        (3, 1, 3),
        (4, 2, 39),
        (5, 2, 40),
        (6, 3, 8),
        (7, 4, 1),
        (8, 5, 27),
        (9, 6, 36),
        (10, 7, 18),
        (11, 7, 9),
        (12, 8, 26),
        (13, 8, 27);
